{"time": [0, 1, 2, 3, 4, 5, 6, 7, 8, 9], "entropy": [0.0, 0.1, 0.2, 0.30000000000000004, 0.4, 0.5, 0.6000000000000001, 0.7000000000000001, 0.8, 0.9], "unique_expressions": [10, 12, 14, 16, 18, 20, 22, 24, 26, 28]}